name,selling_price_idr,year,seller_type,owner,km_driven
Royal Enfield Classic 350,34508250,2019,Individual,1st owner,350
TVS Scooty Zest 110,10845450,2018,Individual,1st owner,380
Royal Enfield Classic 350,34508250,2020,Individual,1st owner,500
Royal Enfield Classic Gunmetal Grey,37466100,2020,Individual,1st owner,500
Bajaj Avenger 220,14197680,2018,Individual,1st owner,500
Activa 3g,8873550,2018,Individual,1st owner,500
Vespa SXL 149,19324620,2019,Individual,1st owner,1000
Hero Splendor Plus i3s,12817350,2019,Individual,1st owner,1000
Hero Passion Pro,8873550,2018,Individual,1st owner,1000
Yamaha YZF R3,71974350,2019,Individual,1st owner,1127
Royal Enfield Interceptor 650,51269400,2019,Individual,1st owner,1200
Yamaha YZF R15 [2011-2018],9859500,2014,Individual,1st owner,1200
Bajaj Dominar 400,28592550,2019,Individual,1st owner,1200
Bajaj Pulsar 180F,19719000,2019,Individual,1st owner,1300
Bajaj Avenger 220,17747100,2019,Individual,1st owner,1300
Activa 4g,7887600,2019,Individual,1st owner,1300
Yamaha YZF R15 V3,33522300,2019,Individual,1st owner,1400
UM Renegade Mojave,33522300,2019,Individual,1st owner,1400
Royal Enfield Continental GT 650,58959810,2019,Individual,1st owner,1500
Royal Enfield Thunderbird 500X,36480150,2018,Individual,1st owner,1500
Yamaha Fascino 110,13606110,2019,Individual,1st owner,1600
Jawa 42,36480150,2020,Individual,1st owner,1700
Bajaj Avenger Cruise 220,18733050,2018,Individual,1st owner,1800
Suzuki Access 125,4929750,2010,Individual,1st owner,1900
Mahindra Mojo XT300,32536350,2017,Individual,1st owner,1933
Jawa Standard,35494200,2019,Individual,1st owner,2000
Benelli TNT 25,31550400,2017,Individual,1st owner,2009
Royal Enfield Classic 350,28592550,2017,Individual,1st owner,2200
Suzuki Access 125,7887600,2015,Individual,1st owner,2300
KTM RC 390,53241300,2019,Individual,1st owner,2380
Hero Glamour 125,10845450,2017,Individual,1st owner,2500
Yamaha FZ25,29578500,2019,Individual,1st owner,2500
BMW G310GS,59157000,2018,Individual,1st owner,2500
Royal Enfield Thunderbird 350X,28592550,2019,Individual,1st owner,2700
Royal Enfield Classic 350,26620650,2017,Individual,1st owner,2700
Bajaj V15,8873550,2015,Individual,1st owner,2700
Suzuki GSX S750,149864400,2019,Individual,1st owner,2800
Royal Enfield Classic Signals,38452050,2018,Individual,1st owner,2845
Hero Xpulse 200T,20704950,2019,Individual,1st owner,2900
Bajaj CT 100,8281980,2019,Individual,1st owner,2900
Honda Activa 5G,13803300,2019,Individual,1st owner,3000
Honda Activa 3G,7887600,2015,Individual,1st owner,3000
Hero Splendor Plus i3s,13803300,2019,Individual,1st owner,3000
Bajaj Avenger Street 160,16761150,2019,Individual,1st owner,3000
TVS Apache RTR 200 4V,24648750,2019,Individual,1st owner,3000
Royal Enfield Thunder 500,34508250,2018,Individual,1st owner,3000
Honda CB Hornet 160R,15775200,2019,Individual,1st owner,3000
Honda Activa 5G,12817350,2019,Individual,1st owner,3025
Hero Xtreme 200R,17155530,2019,Individual,1st owner,3200
Royal Enfield Thunderbird 350X,31550400,2018,Individual,1st owner,3246
Honda Activa 5G,12225780,2019,Individual,1st owner,3500
Aprilia SR 125,14789250,2019,Individual,1st owner,3500
Royal Enfield Bullet 350 [2007-2011],17747100,2007,Individual,1st owner,3500
Yamaha Fazer FI V 2.0 [2016-2018],12817350,2018,Individual,1st owner,3500
KTM 125 Duke,25634700,2019,Individual,1st owner,3500
Honda CBR-250R,19719000,2011,Individual,2nd owner,3500
Bajaj Avenger 220,14789250,2019,Individual,1st owner,3500
Royal Enfield Classic 350,27606600,2016,Individual,1st owner,3654
Royal Enfield Thunderbird 350X,32536350,2019,Individual,1st owner,3700
KTM RC 390,35494200,2017,Individual,1st owner,3775
Yamaha Cygnus Ray ZR,11042640,2019,Individual,1st owner,3900
Vespa LX 125,9859500,2015,Individual,1st owner,3909
Suzuki Access 125,11831400,2017,Individual,1st owner,4000
Yamaha FZ25,25634700,2017,Individual,1st owner,4000
Bajaj Pulsar 220F,21690900,2019,Individual,1st owner,4000
Royal Enfield Bullet 350 [2007-2011],11831400,2001,Individual,2nd owner,4000
KTM RC200,32536350,2019,Individual,1st owner,4000
Honda Activa 4G,8873550,2019,Individual,1st owner,4000
Royal Enfield Thunderbird 350,23662800,2017,Individual,1st owner,4050
KTM 200 Duke,23662800,2017,Individual,1st owner,4100
Yamaha Fazer 25,28592550,2018,Individual,2nd owner,4100
Royal Enfield Classic 350,26620650,2019,Individual,1st owner,4100
Honda Activa 4G,9465120,2019,Individual,1st owner,4300
Yamaha FZ25,28592550,2019,Individual,1st owner,4500
Honda Activa 3G,6310080,2015,Individual,1st owner,4500
Royal Enfield Thunderbird 350,26620650,2016,Individual,1st owner,4500
KTM 390 Duke,34508250,2017,Individual,1st owner,4600
Yamaha Rx,13803300,2000,Individual,3rd owner,5000
TVS Apache RR310,39438000,2019,Individual,1st owner,5000
Bajaj Pulsar AS150,9859500,2015,Individual,1st owner,5000
Bajaj Pulsar 150,5915700,2012,Individual,2nd owner,5000
Bajaj Avenger Street 160,15775200,2019,Individual,1st owner,5000
Royal Enfield Classic Chrome,36480150,2015,Individual,2nd owner,5000
Yamaha FZ S V 2.0,15380820,2019,Individual,1st owner,5000
Bajaj Pulsar 150,12817350,2017,Individual,1st owner,5000
Honda Activa 3G,9859500,2016,Individual,1st owner,5326
Royal Enfield Thunder 500,20704950,2015,Individual,1st owner,5400
Bajaj Dominar 400 [2018],29578500,2018,Individual,1st owner,5475
Royal Enfield Interceptor 650,56199150,2019,Individual,1st owner,5500
Hero Glamour 125,7493220,2016,Dealer,1st owner,5500
Honda CBR-250R,39438000,2019,Individual,1st owner,5500
Yamaha FZ S ,7887600,2014,Individual,1st owner,5500
Royal Enfield Thunderbird 350X,27606600,2018,Individual,1st owner,5505
Hero Karizma 2014,8873550,2014,Individual,1st owner,5555
Royal Enfield Classic 350,33522300,2018,Individual,1st owner,5600
Honda Dio,8873550,2017,Individual,1st owner,5650
Jawa Standard,31550400,2019,Individual,1st owner,5700
Bajaj Pulsar RS200,20704950,2018,Individual,1st owner,5700
Royal Enfield Classic Gunmetal Grey,35494200,2018,Individual,1st owner,5814
Hero HF Deluxe,11831400,2019,Individual,1st owner,6000
KTM 250 Duke,38452050,2019,Individual,1st owner,6000
Hero Maestro Edge,11437020,2018,Individual,1st owner,6000
Bajaj Discover 125,9859500,2018,Individual,1st owner,6000
Yamaha Fazer 25,23662800,2018,Individual,1st owner,6000
Hero Duet,7296030,2016,Individual,1st owner,6000
TVS Apache RTR 160 4V,20704950,2019,Individual,1st owner,6000
KTM RC 200,36480150,2019,Individual,1st owner,6000
Honda Activa 3G,9859500,2016,Individual,1st owner,6000
KTM RC200,23662800,2018,Individual,1st owner,6000
Royal Enfield Bullet 350,20704950,2018,Individual,1st owner,6000
TVS Apache RTR 180,9859500,2013,Individual,1st owner,6000
Royal Enfield Classic Gunmetal Grey,26620650,2018,Individual,1st owner,6100
Royal Enfield Thunderbird 350X,31550400,2019,Individual,1st owner,6330
Bajaj Pulsar 220 Fi,12817350,2013,Individual,1st owner,6409
Bajaj Pulsar 220 DTS-i,12817350,2013,Individual,1st owner,6409
Honda Aviator,11239830,2018,Individual,1st owner,6465
Bajaj Pulsar 150,13803300,2019,Individual,1st owner,6500
Harley-Davidson Street 750,65072700,2014,Individual,4th owner,6500
Aprilia SR 125,12817350,2018,Individual,1st owner,6500
Bajaj Pulsar 220F,23662800,2019,Individual,1st owner,6500
Honda Activa 5G,11831400,2018,Individual,1st owner,6502
Hero Passion Pro,7887600,2017,Individual,1st owner,6700
Royal Enfield Thunder 350,20704950,2013,Individual,1st owner,6900
UM Renegade Commando,31550400,2018,Individual,1st owner,7000
Royal Enfield Bullet 350,24254370,2016,Individual,1st owner,7000
Mahindra Rodeo,3943800,2013,Individual,1st owner,7000
Royal Enfield Classic 350,29578500,2017,Individual,1st owner,7000
Suzuki Access 125,13803300,2018,Individual,1st owner,7000
Suzuki Gixxer SF Fi,19719000,2019,Individual,1st owner,7000
Yamaha Fascino 110,10845450,2019,Individual,1st owner,7000
Honda Aviator,5915700,2014,Individual,1st owner,7000
Hero Passion XPro,8873550,2018,Individual,1st owner,7000
Honda CB Hornet 160R,13803300,2018,Individual,1st owner,7000
KTM 390 Duke ,22676850,2016,Individual,1st owner,7000
Bajaj Avenger 150,14789250,2018,Individual,1st owner,7000
Bajaj Pulsar NS160,16761150,2018,Individual,1st owner,7004
Honda Dream Yuga,9465120,2018,Individual,1st owner,7110
Royal Enfield Classic 350,23662800,2017,Individual,1st owner,7199
Bajaj Avenger Street 220,15775200,2016,Individual,1st owner,7200
Yamaha Fazer [2009-2016],7887600,2012,Individual,1st owner,7353
Hero Honda Glamour,5915700,2008,Individual,1st owner,7500
Royal Enfield Classic Stealth Black,31550400,2018,Individual,1st owner,7500
Hero Splendor Plus,12817350,2018,Individual,1st owner,7500
KTM 390 Duke,40423950,2018,Individual,1st owner,7500
Bajaj Dominar 400,39438000,2019,Individual,1st owner,7600
Honda Activa 3G,7887600,2015,Individual,1st owner,7672
Bajaj Pulsar NS200,16761150,2018,Individual,1st owner,7750
Bajaj Pulsar 180,14197680,2017,Dealer,1st owner,7850
Yamaha FZ S V 2.0,16761150,2018,Individual,1st owner,8000
Suzuki Let''s,6704460,2014,Individual,1st owner,8000
Bajaj Pulsar 150,15775200,2019,Individual,1st owner,8000
Bajaj Avenger Cruise 220,17155530,2018,Individual,1st owner,8000
Honda CB Hornet 160R,18733050,2019,Individual,1st owner,8000
Yamaha YZF R15 S,13803300,2016,Individual,1st owner,8000
Honda Dio,9859500,2016,Individual,1st owner,8000
TVS XL 100,5915700,2017,Individual,1st owner,8000
Yamaha Fazer ,9859500,2016,Individual,1st owner,8000
TVS Scooty Pep Plus,6901650,2012,Individual,1st owner,8150
Yamaha FZ25,17747100,2018,Individual,1st owner,8200
Royal Enfield Thunderbird 350X,29578500,2018,Individual,1st owner,8500
Hero Xpulse 200,19719000,2019,Individual,1st owner,8500
Hero Xpulse 200,19324620,2019,Individual,1st owner,8500
Hero Xpulse 200,17747100,2019,Individual,1st owner,8600
Hero Glamour 125,9859500,2017,Individual,1st owner,8600
Honda Shine,7887600,2011,Individual,1st owner,8600
Honda Dream Yuga ,9465120,2019,Individual,1st owner,8600
Royal Enfield Thunder 350,22676850,2018,Individual,1st owner,8700
Honda Dream Yuga,9267930,2019,Individual,1st owner,8800
Hero Glamour FI,14789250,2019,Individual,1st owner,8900
Honda CB Twister,5915700,2013,Individual,1st owner,9000
Yamaha FZ25,23662800,2017,Individual,1st owner,9000
Honda Activa 5G,10845450,2019,Individual,1st owner,9000
Royal Enfield Thunderbird 350,23662800,2017,Individual,2nd owner,9000
Royal Enfield Interceptor 650,53241300,2019,Individual,1st owner,9000
Bajaj V15,9859500,2017,Individual,1st owner,9000
TVS Scooty Zest 110,5915700,2017,Individual,1st owner,9432
Bajaj Pulsar 150,3943800,2006,Individual,1st owner,9500
Hero Passion PRO TR,6901650,2014,Individual,1st owner,9556
TVS Apache RTR 200 4V,18733050,2018,Individual,1st owner,9600
TVS Apache RTR 200 4V,18733050,2018,Individual,1st owner,9600
Royal Enfield Classic 350,18733050,2015,Individual,1st owner,9800
Kawasaki Ninja 300,59157000,2016,Individual,1st owner,9800
Hero Super Splendor,9859500,2017,Individual,1st owner,9999
Honda Navi,5521320,2016,Individual,2nd owner,10000
Hero Honda Splendor NXG,4140990,2009,Individual,1st owner,10000
Honda CB Shine SP,12225780,2019,Individual,1st owner,10000
Honda Activa 5G,10845450,2019,Individual,1st owner,10000
Hero Splendor iSmart,9859500,2017,Individual,2nd owner,10000
Honda Activa [2000-2015],6901650,2014,Individual,1st owner,10000
Honda Dream Yuga,6901650,2014,Individual,1st owner,10000
TVS Apache RTR 200 4V,16761150,2018,Individual,1st owner,10000
TVS Wego,8873550,2018,Individual,1st owner,10000
Yamaha FZ25,21690900,2019,Individual,1st owner,10000
Hero Honda CD100,2957850,1999,Dealer,2nd owner,10000
Bajaj Avenger Cruise 220,13803300,2016,Individual,1st owner,10000
Yamaha FZ S V 2.0,15775200,2019,Individual,1st owner,10000
Bajaj Pulsar 150,13408920,2019,Individual,1st owner,10000
Suzuki Intruder 150,14789250,2018,Individual,1st owner,10000
Honda Activa 5G,9070740,2018,Individual,1st owner,10000
Honda CB Unicorn 150,10845450,2014,Individual,1st owner,10000
Honda Livo,8873550,2018,Individual,1st owner,10000
Hero Xtreme 2014,9859500,2014,Individual,1st owner,10000
Royal Enfield Classic 350,25634700,1993,Individual,2nd owner,10000
Royal Enfield Thunderbird 350,23662800,2015,Individual,1st owner,10000
Yo Style,3943800,2011,Individual,1st owner,10000
Hero Splendor iSmart,7887600,2015,Individual,1st owner,10000
Bajaj Pulsar 220F,14789250,2016,Individual,1st owner,10500
Yamaha FZ S V 2.0,17747100,2018,Individual,1st owner,10500
Bajaj Avenger Cruise 220,14789250,2016,Individual,1st owner,10950
TVS XL 100 Heavy Duty,7887600,2019,Individual,1st owner,11000
Yamaha YZF R15 [2011-2018],12817350,2013,Individual,1st owner,11000
Honda Activa i [2016-2017],7887600,2017,Individual,1st owner,11000
Hero HF Deluxe i3s,10648260,2019,Individual,1st owner,11000
Yamaha Fazer 25,22676850,2018,Individual,1st owner,11000
Hero Honda Glamour,4140990,2010,Individual,1st owner,11000
Bajaj Pulsar NS160,15775200,2018,Individual,1st owner,11000
TVS Victor GLX,3549420,2005,Individual,1st owner,11000
Hero Karizma ZMR,14789250,2015,Individual,1st owner,11000
Honda Dio,11831400,2018,Individual,1st owner,11000
Royal Enfield Classic 350,23662800,2019,Individual,1st owner,11000
Honda CB Hornet 160R,14789250,2019,Individual,1st owner,11000
Honda Activa 5G,12225780,2019,Individual,1st owner,11200
Yamaha YZF R15 V3,23662800,2018,Individual,1st owner,11500
Royal Enfield Classic 500,18733050,2014,Individual,1st owner,11500
Honda CBR150 R,21690900,2017,Individual,1st owner,11800
TVS Apache RTR 160,12817350,2019,Individual,1st owner,11800
Royal Enfield Classic Gunmetal Grey,29578500,2018,Individual,1st owner,12000
Harley-Davidson Street Bob,147892500,2013,Individual,2nd owner,12000
TVS Flame,2957850,2010,Individual,1st owner,12000
KTM RC 390,41409900,2017,Individual,1st owner,12000
Royal Enfield Thunderbird 350,17747100,2014,Individual,1st owner,12000
Honda CB Unicorn 150,10845450,2017,Individual,1st owner,12000
Hero Xtreme 200R,16958340,2018,Individual,1st owner,12000
KTM 200 Duke,25634700,2016,Individual,1st owner,12000
Honda Livo,13606110,2018,Individual,1st owner,12000
Bajaj Discover 150,6901650,2015,Individual,1st owner,12000
Kawasaki Ninja 650 [2018-2019],59157000,2011,Individual,1st owner,12000
Bajaj Avenger Street 220,14789250,2018,Individual,1st owner,12000
Bajaj Discover 150F,5915700,2015,Individual,1st owner,12000
Bajaj Pulsar 150,6901650,2011,Individual,1st owner,12000
Honda Aviator,4929750,2012,Individual,2nd owner,12000
Honda CB Trigger,8281980,2015,Individual,1st owner,12000
Royal Enfield Continental GT [2013 - 2018],21690900,2014,Individual,1st owner,12077
Suzuki Gixxer SF,15775200,2018,Individual,1st owner,12500
Honda CB Twister,13803300,2014,Individual,1st owner,12566
Honda CB Unicorn 150,11831400,2017,Individual,1st owner,12652
TVS Apache RTR 160 4V,14789250,2019,Individual,1st owner,12657
Bajaj Dominar 400,24648750,2017,Individual,1st owner,12800
Royal Enfield Thunderbird 350,17747100,2015,Individual,3rd owner,13000
Yamaha Saluto,11831400,2018,Individual,1st owner,13000
Royal Enfield Bullet 350,17747100,2014,Individual,1st owner,13000
Hero HF Deluxe,7887600,2018,Individual,1st owner,13000
Yamaha YZF R15 S,16761150,2017,Individual,1st owner,13000
Honda Dio,5521320,2014,Individual,1st owner,13000
Yamaha Saluto,14592060,2019,Individual,1st owner,13000
Honda CB Hornet 160R,13803300,2017,Individual,1st owner,13000
Hero Honda Hunk,6901650,2010,Individual,1st owner,13000
Bajaj Pulsar NS 200,9859500,2014,Individual,1st owner,13000
KTM 390 Duke ABS [2013-2016],35494200,2015,Individual,2nd owner,13125
Honda CB Hornet 160R,11042640,2017,Individual,2nd owner,13200
Yamaha FZ V 2.0,6901650,2014,Individual,1st owner,13500
Mahindra Gusto,4929750,2016,Individual,1st owner,13500
Kawasaki Ninja 650 [2018-2019],83805750,2017,Individual,2nd owner,13600
Bajaj Pulsar 135 LS,7887600,2016,Individual,1st owner,13700
KTM RC 200,35494200,2019,Individual,2nd owner,13800
Honda CB Hornet 160R,10845450,2017,Individual,1st owner,14000
KTM 390 Duke,33522300,2017,Individual,1st owner,14000
Hero Pleasure,7887600,2014,Individual,1st owner,14000
Royal Enfield Himalayan,28592550,2017,Individual,1st owner,14000
Honda Activa 5G,9859500,2018,Individual,1st owner,14000
Bajaj CT 100,7887600,2018,Individual,1st owner,14000
Hero Maestro Edge,9070740,2015,Individual,1st owner,14000
TVS Jupiter,13803300,2018,Individual,1st owner,14000
Honda Activa 5G,10056690,2018,Individual,1st owner,14000
Bajaj Pulsar 135 LS,8873550,2014,Individual,1st owner,14000
Yamaha Alpha,4929750,2015,Individual,2nd owner,14000
TVS Star City Plus,9859500,2016,Individual,2nd owner,14000
Royal Enfield Classic Gunmetal Grey,27606600,2018,Individual,1st owner,14000
Royal Enfield Thunder 500,21690900,2017,Individual,1st owner,14000
Hero Splender iSmart,8873550,2018,Individual,1st owner,14000
Hero Splender iSmart,7887600,2017,Individual,1st owner,14000
Suzuki GS150R,5324130,2012,Individual,1st owner,14100
Bajaj Discover 100,4338180,2014,Individual,1st owner,14289
Royal Enfield Thunderbird 350,19719000,2015,Individual,1st owner,14500
Hero Honda Splendor Plus,2957850,2004,Individual,1st owner,14500
Suzuki Intruder 150 Fi,19719000,2018,Individual,1st owner,14500
Suzuki Access 125,13803300,2018,Individual,1st owner,14500
Yamaha FZ S V 2.0,11831400,2017,Individual,1st owner,14500
Bajaj Pulsar 150,6901650,2009,Individual,1st owner,14500
Bajaj Pulsar NS 200,8873550,2014,Individual,1st owner,14500
Hero Passion PRO i3s,10845450,2017,Individual,1st owner,14600
Honda Activa 125,7887600,2014,Individual,1st owner,14965
Royal Enfield Thunderbird 350X,31550400,2018,Individual,1st owner,15000
Bajaj Dominar 400,27212220,2017,Individual,1st owner,15000
Royal Enfield Classic Desert Storm,19719000,2012,Individual,1st owner,15000
Suzuki Gixxer SF,11831400,2016,Individual,1st owner,15000
Hero Maestro Edge,7887600,2017,Individual,1st owner,15000
Hero Xtreme 2014,6901650,2013,Individual,1st owner,15000
Suzuki Access 125,8873550,2017,Individual,1st owner,15000
Suzuki Gixxer [2014-2018],12225780,2017,Individual,1st owner,15000
Bajaj Platina 100,8873550,2019,Individual,1st owner,15000
Royal Enfield Thunderbird 350,16761150,2010,Individual,1st owner,15000
Bajaj Pulsar 135 LS,7887600,2018,Individual,1st owner,15000
Yamaha Saluto,7493220,2015,Individual,1st owner,15000
Yamaha Ray Z,14789250,2017,Individual,1st owner,15000
Royal Enfield Classic 350,26620650,2017,Individual,1st owner,15000
Bajaj Avenger [2015],6901650,2012,Individual,1st owner,15000
Hero Glamour 125,7887600,2016,Individual,1st owner,15000
Hero Passion PRO i3s,10845450,2018,Individual,1st owner,15000
Suzuki Access 125,7887600,2017,Individual,1st owner,15000
Honda Shine,3549420,2010,Individual,1st owner,15000
Hero Passion Pro 110,11831400,2013,Individual,1st owner,15000
Bajaj V15,13803300,2018,Individual,1st owner,15000
Honda CB Unicorn 160,8873550,2015,Individual,1st owner,15000
Hero Honda CD Deluxe,3943800,2005,Individual,1st owner,15000
Hero HF Deluxe,6901650,2018,Individual,1st owner,15000
Royal Enfield Thunder 350,24648750,2015,Individual,1st owner,15000
Honda CB Hornet 160R,11831400,2018,Individual,1st owner,15000
Hero Extreme,10845450,2016,Individual,1st owner,15000
TVS Sport ,9465120,2019,Individual,1st owner,15000
Bajaj Pulsar NS200,16761150,2018,Individual,2nd owner,15100
TVS Apache RTR 160 4V,15775200,2018,Individual,1st owner,15210
Yamaha Ray Z,6901650,2015,Individual,1st owner,15500
Yamaha Fazer [2009-2016],6901650,2011,Individual,1st owner,15500
Hero Passion X Pro [2016-2017],8281980,2016,Individual,1st owner,15500
Bajaj Pulsar AS200,12817350,2015,Individual,1st owner,15856
Honda CBF Stunner,6901650,2013,Individual,1st owner,15888
Honda CBR-250R,23662800,2016,Individual,1st owner,16000
Honda Dio,1478925,2009,Individual,2nd owner,16000
Suzuki Gixxer [2014-2018],11831400,2016,Individual,1st owner,16000
Bajaj Dominar 400 [2018],33522300,2018,Individual,1st owner,16000
Bajaj Pulsar 125,12817350,2019,Individual,1st owner,16000
Hero Splendor PRO,7887600,2016,Individual,1st owner,16000
Bajaj Platina 100,3352230,2007,Individual,1st owner,16000
Yamaha YZF R15 S,13803300,2017,Individual,1st owner,16000
TVS Apache RTR 160,13803300,2018,Individual,1st owner,16000
Bajaj Xcd,3943800,2009,Individual,1st owner,16000
Honda Grazia,11831400,2018,Individual,1st owner,16000
Hero HF Deluxe,7887600,2018,Individual,1st owner,16000
Bajaj Avenger [2015],11831400,2015,Individual,2nd owner,16000
Bajaj Pulsar 220 DTS-i,11831400,2014,Individual,1st owner,16000
Hero Extreme,12817350,2015,Individual,1st owner,16000
Honda CB Hornet 160R,11831400,2017,Individual,2nd owner,16008
Honda Shine,7296030,2014,Individual,1st owner,16145
Bajaj Platina 100,3943800,2012,Individual,1st owner,16295
Bajaj Platina 100,3943800,2012,Individual,1st owner,16295
Royal Enfield Classic Desert Storm,29578500,2017,Individual,1st owner,16500
Honda CB Hornet 160R,11831400,2017,Individual,1st owner,16500
KTM 250 Duke,26620650,2017,Individual,1st owner,16500
Yamaha RX135,12817350,1998,Individual,3rd owner,16500
Hyosung GT250R,26620650,2016,Individual,2nd owner,16500
Bajaj Avenger 220 dtsi,11831400,2017,Individual,1st owner,16600
Honda CB Hornet 160R,15479415,2018,Individual,1st owner,17000
Bajaj Pulsar 150,8084790,2012,Individual,1st owner,17000
Bajaj Platina 100,7887600,2018,Individual,1st owner,17000
Royal Enfield Machismo,14789250,2008,Individual,2nd owner,17000
Honda CB Unicorn 150,9859500,2013,Individual,1st owner,17000
Bajaj Avenger Street 220,11831400,2016,Individual,1st owner,17000
Hero Glamour 125,10648260,2013,Individual,1st owner,17000
Suzuki SlingShot,4732560,2011,Individual,1st owner,17000
TVS Apache RTR 160,13803300,2018,Individual,1st owner,17000
Hero Honda Hunk,3943800,2010,Individual,1st owner,17000
Royal Enfield Classic 350,22676850,2017,Individual,1st owner,17000
Royal Enfield Classic 350,31944780,2018,Individual,1st owner,17365
Royal Enfield Classic 350,31550400,2018,Individual,1st owner,17365
Honda Navi [2016-2017],5126940,2016,Individual,1st owner,17450
Honda Navi [2016-2017],4535370,2016,Individual,1st owner,17450
Yamaha FZ S V 2.0,11831400,2015,Individual,2nd owner,17500
Bajaj Boxer,2366280,2008,Individual,1st owner,17500
Bajaj Pulsar NS200,16761150,2018,Individual,1st owner,17500
Bajaj Platina 100,7887600,2018,Individual,1st owner,17500
Bajaj Pulsar 180,5915700,2009,Individual,1st owner,17500
Royal Enfield Classic 350,21888090,2017,Individual,1st owner,17500
Honda Activa [2000-2015],4929750,2007,Individual,1st owner,17860
Royal Enfield Classic 350,24648750,2017,Individual,1st owner,18000
Hero Glamour 125,8873550,2017,Individual,1st owner,18000
Royal Enfield Classic 500,19719000,2013,Individual,1st owner,18000
Honda CB Unicorn 150,13803300,2017,Individual,1st owner,18000
Hero Passion PRO i3s,9859500,2017,Individual,1st owner,18000
Honda Activa 3G,8873550,2015,Individual,1st owner,18000
Hero Ignitor,5915700,2016,Individual,1st owner,18000
Honda CB Hornet 160R,15775200,2017,Individual,1st owner,18000
Hero Passion PRO i3s,6901650,2016,Individual,1st owner,18000
Honda Activa 125 [2016-2017],10845450,2018,Individual,1st owner,18000
Honda Activa 3G,5915700,2015,Individual,1st owner,18000
Bajaj Boxer,2957850,2004,Individual,1st owner,18000
Royal Enfield Thunder 350,23662800,2018,Individual,1st owner,18000
Yamaha FZ 16,14789250,2017,Individual,1st owner,18000
Hero Glamour,4929750,2015,Individual,1st owner,18000
Bajaj Pulsar RS 200,20704950,2017,Individual,1st owner,18345
Honda CBR-250R,16761150,2014,Individual,2nd owner,18600
Vespa SXL 149,15775200,2018,Individual,1st owner,18803
Hero Pleasure,5225535,2013,Individual,1st owner,18860
Honda CBR-250R,19719000,2014,Individual,1st owner,19000
Royal Enfield Thunderbird 350,31550400,2018,Individual,1st owner,19000
Bajaj Pulsar 180,6901650,2009,Individual,1st owner,19000
Royal Enfield Classic 350,19719000,2014,Individual,1st owner,19000
TVS Apache RTR 160,11831400,2014,Individual,1st owner,19000
TVS Jupyter,6901650,2016,Individual,1st owner,19000
Hero Splendor iSmart,7887600,2015,Individual,1st owner,19055
Bajaj V15,8281980,2016,Individual,1st owner,19500
Bajaj Pulsar 150 [2001-2011],5915700,2008,Individual,1st owner,19500
Bajaj Pulsar 180,8281980,2014,Individual,2nd owner,19600
Royal Enfield Electra 5 S,11831400,2007,Individual,2nd owner,19612
Honda CB Shine SP,8281980,2017,Individual,1st owner,19800
Royal Enfield Himalayan,23465610,2016,Individual,1st owner,19800
Royal Enfield Thunderbird 350,21690900,2016,Individual,1st owner,20000
Hero Glamour FI,9859500,2018,Individual,1st owner,20000
Yamaha FZ16,9465120,2016,Individual,1st owner,20000
Honda Activa i [2016-2017],5915700,2015,Individual,2nd owner,20000
Yamaha FZ S V 2.0,9859500,2015,Individual,1st owner,20000
TVS Scooty Pep Plus,3549420,2010,Individual,1st owner,20000
Hero Passion X Pro [2016-2017],7493220,2016,Individual,2nd owner,20000
Honda Activa 3G,8281980,2015,Individual,1st owner,20000
Hero Super Splendor,9859500,2016,Individual,1st owner,20000
TVS Scooty Pep Plus,5915700,2011,Individual,1st owner,20000
Hero Honda Passion PRO [2012],4929750,2011,Individual,1st owner,20000
Royal Enfield Classic 350,27606600,2018,Individual,1st owner,20000
KTM RC 200,23662800,2015,Individual,1st owner,20000
TVS Radeon,6901650,2017,Individual,1st owner,20000
Hero Passion Pro 110,7690410,2013,Individual,1st owner,20000
Royal Enfield Electra 5 S,16761150,2008,Individual,1st owner,20000
Honda Shine,4929750,2010,Individual,1st owner,20000
Honda Activa 3G,4929750,2011,Individual,1st owner,20000
Mahindra Flyte,4338180,2009,Individual,3rd owner,20000
Hero Splendor Plus,5915700,2013,Individual,1st owner,20000
TVS Apache RTR 200 4V,17747100,2019,Individual,1st owner,20000
Bajaj Discover 125,8873550,2016,Individual,1st owner,20000
Bajaj Avenger [2015],12817350,2010,Individual,1st owner,20000
Suzuki Gixxer [2014-2018],13606110,2017,Individual,1st owner,20000
Honda CB Trigger,8873550,2013,Individual,1st owner,20000
TVS Wego,2957850,2011,Individual,2nd owner,20000
Yamaha FZ S V 2.0,14789250,2017,Individual,1st owner,20000
Bajaj Discover 135,5915700,2009,Individual,1st owner,20000
Hero Honda Passion PRO [2012],4929750,2012,Individual,2nd owner,20000
Bajaj Pulsar NS160,13803300,2018,Individual,1st owner,20000
Honda Activa 125,5915700,2014,Individual,1st owner,20000
Yamaha SZ-S,9859500,2014,Individual,1st owner,20000
Yamaha FZ S [2012-2016],8873550,2016,Individual,2nd owner,20000
Bajaj Pulsar AS150,10845450,2017,Individual,2nd owner,20000
Mahindra Gusto,5915700,2015,Individual,2nd owner,20000
Bajaj Discover 100 T,3943800,2013,Individual,1st owner,20000
KTM RC 200,29578500,2017,Individual,1st owner,20000
Royal Enfield Bullet 350 [2007-2011],29578500,1995,Individual,3rd owner,20000
Bajaj Avenger 150 street,11831400,2018,Individual,1st owner,20000
Yamaha YBR 125,6901650,2013,Individual,1st owner,20350
Yamaha YBR 125,7098840,2014,Individual,1st owner,20400
Royal Enfield Thunderbird 350,17155530,2012,Individual,1st owner,20477
Bajaj Pulsar 180,9859500,2017,Individual,1st owner,20500
Honda Activa i,6310080,2013,Individual,2nd owner,20696
Yamaha SZ [2013-2014],3943800,2011,Individual,2nd owner,21000
Hero Glamour 125,8873550,2018,Individual,1st owner,21000
Royal Enfield Thunderbird 350,16761150,2013,Individual,1st owner,21000
Hero Xtreme Sports,11437020,2016,Individual,1st owner,21000
Kawasaki Ninja 250R,24648750,2010,Individual,2nd owner,21000
TVS Star City Plus,8281980,2017,Individual,1st owner,21000
Bajaj Super,3943800,1988,Individual,1st owner,21000
Honda Dream Neo,8873550,2017,Individual,2nd owner,21000
Hero Super Splendor,8873550,2012,Individual,1st owner,21000
Honda Dream Neo,8281980,2014,Individual,1st owner,21000
Bajaj Discover 100,5324130,2015,Individual,1st owner,21000
Honda Shine,7887600,2015,Individual,1st owner,21121
Bajaj Avenger Street 220,15775200,2018,Individual,1st owner,21178
KTM RC390,26620650,2017,Individual,1st owner,21700
Bajaj Pulsar 150 [2001-2011],3549420,2005,Individual,1st owner,21885
Suzuki Intruder 150,18733050,2018,Individual,1st owner,21938
Royal Enfield Classic Gunmetal Grey,27606600,2018,Individual,1st owner,22000
Royal Enfield Thunderbird 350,16544241,2014,Individual,2nd owner,22000
Honda Activa 5G,8281980,2018,Individual,1st owner,22000
Yamaha YZF R15 [2011-2018],11831400,2012,Individual,1st owner,22000
Honda Activa [2000-2015],5915700,2012,Individual,1st owner,22000
Bajaj Pulsar 135 LS,8873550,2017,Individual,1st owner,22000
TVS Wego,4929750,2012,Individual,1st owner,22000
Suzuki Access 125,8873550,2017,Individual,1st owner,22300
Bajaj Pulsar 150,8281980,2015,Individual,1st owner,22770
Hero Honda Splendor PRO,5915700,2012,Individual,1st owner,22866
Yamaha Fazer FI V 2.0 [2016-2018],12817350,2015,Individual,1st owner,23000
Royal Enfield Classic Gunmetal Grey,29578500,2018,Individual,1st owner,23000
Bajaj Pulsar 150 [2001-2011],8281980,2011,Individual,1st owner,23000
Honda Shine,9859500,2017,Individual,1st owner,23000
Hero Honda Splendor Plus,3943800,2006,Individual,1st owner,23000
Bajaj Avenger Street 220,18733050,2018,Individual,1st owner,23000
Royal Enfield Classic Desert Storm,29578500,2015,Individual,1st owner,23000
Suzuki Access 125 [2007-2016],5915700,2012,Individual,1st owner,23000
Hero Xtreme Sports,12817350,2017,Individual,1st owner,23000
Bajaj V15,14986440,2018,Individual,1st owner,23000
Hero Ignitor,7098840,2016,Individual,1st owner,23000
Yamaha FZ S V 2.0,9465120,2017,Individual,1st owner,23000
TVS Apache RTR 180,8873550,2016,Individual,1st owner,23000
Bajaj Avenger Street 150 [2018],11831400,2016,Individual,2nd owner,23097
Royal Enfield Thunderbird 350,24648750,2017,Individual,1st owner,23500
Honda CBR 150,12817350,2016,Individual,1st owner,23500
Honda Navi [2016-2017],8281980,2017,Individual,1st owner,24000
Hero Splendor PRO,6901650,2015,Individual,2nd owner,24000
Hero Splendor PRO,6901650,2015,Individual,2nd owner,24000
Hero Xtreme [2013-2014],4929750,2013,Individual,1st owner,24000
KTM 200 Duke,26620650,2018,Individual,1st owner,24000
Hero Pleasure,5915700,2013,Individual,1st owner,24000
Bajaj Platina 100,4535370,2013,Individual,2nd owner,24000
Honda Dio,5915700,2014,Individual,1st owner,24000
Bajaj Pulsar 150,14197680,2017,Individual,1st owner,24000
Hero Honda Street Smart,1971900,2000,Individual,1st owner,24000
Suzuki Access 125,3943800,2012,Individual,1st owner,24000
Yamaha FZ S [2012-2016],8873550,2015,Individual,1st owner,24000
Bajaj Pulsar 150,13803300,2017,Individual,1st owner,24000
Bajaj Pulsar 220 F,10056690,2018,Individual,1st owner,24000
Bajaj Avenger Street 220,8873550,2013,Individual,1st owner,24000
Honda Activa 125,6901650,2018,Individual,1st owner,24000
Hero  Ignitor Disc,3943800,2015,Individual,2nd owner,24000
Royal Enfield Thunderbird 350,23662800,2016,Individual,1st owner,24600
Honda Activa 4G,8873550,2018,Individual,1st owner,25000
Honda CB Hornet 160R,9465120,2016,Individual,2nd owner,25000
Bajaj CT 110,3943800,2015,Individual,1st owner,25000
Honda Dio,6901650,2014,Individual,1st owner,25000
Royal Enfield Classic Desert Storm,25634700,2015,Individual,2nd owner,25000
Honda CB Shine SP,9465120,2015,Individual,1st owner,25000
Suzuki Gixxer [2014-2018],10845450,2015,Individual,1st owner,25000
Royal Enfield Thunderbird 500,24648750,2014,Individual,1st owner,25000
TVS Apache RTR 160,6901650,2011,Individual,1st owner,25000
Royal Enfield Classic Squadron Blue,27606600,2017,Individual,1st owner,25000
TVS Star City Plus,10253880,2017,Individual,1st owner,25000
Yamaha FZ S V 2.0,7887600,2015,Individual,1st owner,25000
Honda Dream Neo,9859500,2014,Individual,1st owner,25000
Bajaj Discover 135,4338180,2007,Individual,1st owner,25000
Honda Shine,5915700,2014,Individual,1st owner,25000
Hero Glamour FI,6093171,2014,Individual,1st owner,25000
Bajaj Discover 150,4929750,2008,Individual,1st owner,25000
TVS Sport,6704460,2018,Individual,1st owner,25000
Yamaha FZ V 2.0,11831400,2018,Individual,1st owner,25000
Honda Activa [2000-2015],4929750,2015,Individual,1st owner,25000
Hero Passion XPro,4929750,2013,Individual,1st owner,25000
Honda Activa 5G,9859500,2018,Individual,1st owner,25000
Honda Activa i,5915700,2014,Individual,1st owner,25000
Honda Shine,8281980,2017,Individual,1st owner,25000
Hero Pleasure [2005-2015],5915700,2013,Individual,1st owner,25000
Bajaj Avenger Street 150 [2018],11831400,2016,Individual,1st owner,25000
Hero Pleasure,5915700,2013,Individual,1st owner,25000
Yamaha FZ  v 2.0,11831400,2018,Individual,1st owner,25000
Bajaj Pulsar  NS 200,11831400,2016,Individual,1st owner,25000
Bajaj Discover 125,3943800,2014,Individual,2nd owner,25000
Yamaha FZ16,5915700,2009,Individual,2nd owner,26000
Hero Karizma 2014,6901650,2013,Individual,1st owner,26000
Bajaj Discover 100 T,4929750,2013,Individual,1st owner,26000
Honda Activa 125 [2016-2017],7887600,2017,Individual,1st owner,26000
Hero Achiever 150,7493220,2017,Individual,1st owner,26000
Bajaj Avenger [2015],12817350,2015,Individual,1st owner,26000
Bajaj Pulsar 180,12817350,2018,Individual,1st owner,26000
Yamaha YZF R15 S,16761150,2016,Individual,1st owner,26000
Bajaj Pulsar 220 DTS-i,7887600,2011,Individual,1st owner,26000
Honda Dream Yuga,8873550,2017,Individual,1st owner,26000
Royal Enfield Classic 350,21690900,2017,Individual,1st owner,26000
Bajaj Pulsar 150,4929750,2010,Individual,2nd owner,26000
Yamaha FZ S V 2.0,15380820,2017,Individual,1st owner,26100
TVS Sport,6901650,2018,Individual,1st owner,26600
Hero Honda Glamour,4929750,2006,Individual,1st owner,27000
Honda X-Blade,12817350,2018,Individual,1st owner,27000
Bajaj Pulsar 150,5817105,2013,Individual,1st owner,27000
Yamaha Saluto RX,7887600,2017,Individual,1st owner,27000
KTM RC 200,25634700,2017,Individual,1st owner,27000
Hero HF Deluxe,6901650,2017,Individual,1st owner,27000
Honda CB Unicorn 150,9859500,2016,Individual,1st owner,27000
Yamaha YZF R15 [2011-2018],15775200,2017,Individual,1st owner,27000
Bajaj Avenger Street 150 [2018],11831400,2016,Individual,2nd owner,27000
Honda Activa 125 [2016-2017],9859500,2017,Individual,1st owner,27000
Bajaj Avenger 220 dtsi,8873550,2012,Individual,1st owner,27000
Hero Honda Splendor Plus,3943800,2005,Individual,1st owner,27370
Hero Karizma ZMR,7296030,2010,Individual,1st owner,27500
Yamaha FZ S [2012-2016],7887600,2014,Individual,1st owner,27785
Bajaj Discover 150S,6901650,2015,Individual,1st owner,28000
Hero Duet,5324130,2016,Individual,1st owner,28000
Hero Honda Passion Plus,3943800,2006,Individual,1st owner,28000
Bajaj Discover 100,4929750,2010,Individual,2nd owner,28000
Bajaj Pulsar 150,9859500,2012,Individual,1st owner,28000
Hero Honda CBZ extreme,6901650,2011,Individual,1st owner,28000
Royal Enfield Thunderbird 350,19719000,2012,Individual,1st owner,28000
Bajaj Pulsar 150,7887600,2016,Individual,1st owner,28000
TVS Max DLX,5126940,2002,Individual,2nd owner,28000
Honda Activa [2000-2015],3549420,2011,Individual,1st owner,28000
Honda CB Hornet 160R,13803300,2017,Individual,1st owner,28000
Royal Enfield Electra 5 S,19521810,2012,Individual,1st owner,28000
Honda Aviator,5521320,2013,Individual,1st owner,28087
Bajaj Avenger [2015],7493220,2014,Individual,2nd owner,28243
Bajaj Pulsar 150,11831400,2017,Individual,1st owner,28450
Bajaj Pulsar 180,11831400,2015,Individual,1st owner,28563
Hero Honda CD Deluxe,5028345,2012,Individual,1st owner,28990
Yamaha FZ16,6901650,2012,Individual,2nd owner,29000
Bajaj Avenger Street 220,11831400,2016,Individual,1st owner,29000
Hero Achiever 150,12817350,2016,Individual,1st owner,29000
Honda Dream Yuga,4929750,2013,Individual,1st owner,29000
Hero Honda Passion Plus,7887600,2018,Individual,1st owner,29000
Yamaha YZF R15 [2011-2018],12817350,2011,Individual,1st owner,29000
Honda Activa i [2016-2017],6901650,2016,Individual,1st owner,29000
Honda Activa [2000-2015],6901650,2012,Individual,1st owner,29000
Yamaha FZ  v 2.0,11831400,2017,Individual,1st owner,29000
Hero Passion Pro 110,9859500,2019,Individual,1st owner,29442
Honda Activa [2000-2015],6901650,2013,Individual,1st owner,29500
Honda Aviator,5521320,2009,Individual,1st owner,29625
Bajaj Avenger Street 150 [2018],7887600,2016,Individual,1st owner,29689
Yamaha FZ16,11831400,2016,Individual,1st owner,29950
Honda CB Hornet 160R,12817350,2016,Individual,1st owner,30000
Hero Splendor Plus,5915700,2015,Individual,1st owner,30000
Honda Activa 3G,11831400,2015,Individual,1st owner,30000
Yamaha SZ X,4929750,2012,Individual,2nd owner,30000
Bajaj Boxer,1971900,2000,Individual,1st owner,30000
Hero Karizma 2014,7887600,2013,Individual,1st owner,30000
Bajaj Avenger [2015],6901650,2011,Individual,1st owner,30000
Bajaj Kristal,2957850,2007,Individual,1st owner,30000
Royal Enfield Thunderbird 350,19719000,2015,Individual,1st owner,30000
Hero Honda Splendor Plus,2957850,2007,Individual,1st owner,30000
Hero Honda CD Deluxe,2898693,2005,Individual,2nd owner,30000
Bajaj Avenger Street 150 [2018],15775200,2017,Individual,1st owner,30000
Bajaj Avenger Street 150 [2018],11831400,2017,Individual,1st owner,30000
Bajaj Pulsar 135 LS,4929750,2011,Individual,2nd owner,30000
Suzuki Swish [2012-2015],5915700,2014,Individual,1st owner,30000
Hero Honda Glamour,6901650,2012,Individual,1st owner,30000
Honda Livo,4929750,2015,Individual,1st owner,30000
Bajaj Discover 100 T,4929750,2014,Individual,1st owner,30000
Hero Pleasure,3943800,2012,Individual,2nd owner,30000
Bajaj Pulsar 150,14789250,2017,Individual,1st owner,30000
Bajaj Platina 100,4929750,2013,Individual,1st owner,30000
Bajaj Pulsar 180,9859500,2014,Individual,1st owner,30000
Yamaha YZF R15 [2011-2018],15775200,2013,Dealer,1st owner,30000
Hero Honda Splendor Plus,3943800,2010,Individual,2nd owner,30000
Honda Livo,8873550,2017,Individual,1st owner,30000
Bajaj Discover 100 M,6310080,2014,Individual,1st owner,30000
Honda Karizma,6901650,2013,Individual,1st owner,30000
Honda CB Shine,5915700,2015,Individual,1st owner,30000
Honda Activa 125 [2016-2017],8281980,2016,Individual,1st owner,30514
Bajaj Pulsar 220F,13803300,2016,Individual,1st owner,31000
Bajaj Discover 100,4732560,2014,Individual,1st owner,31000
Hero Passion X pro,9859500,2018,Individual,1st owner,31000
Bajaj Discover 135,3943800,2010,Individual,1st owner,31195
Royal Enfield Electra Twinspark,19719000,2014,Individual,1st owner,31500
Hero Honda CBZ extreme,5915700,2010,Individual,1st owner,32000
Yamaha FZ16,6901650,2015,Individual,1st owner,32000
Honda CB Unicorn 150,9859500,2014,Individual,1st owner,32000
Hero Honda Pleasure,4535370,2010,Individual,1st owner,32000
Bajaj Discover 125,2957850,2011,Individual,1st owner,32000
Bajaj Avenger Street 150 [2018],9859500,2016,Individual,1st owner,32000
Hero Honda Glamour,3746610,2012,Individual,1st owner,32000
Bajaj Pulsar RS 200,15775200,2015,Individual,1st owner,32000
Hero Hunk,6901650,2016,Individual,1st owner,32000
Honda CB Unicorn 150,5915700,2012,Individual,1st owner,32000
Honda CBR 150,11831400,2015,Individual,1st owner,32000
Honda CB twister,4929750,2015,Individual,1st owner,32000
TVS Scooty Zest 110,5521320,2015,Individual,1st owner,32800
Bajaj Pulsar 220F,13803300,2018,Individual,1st owner,33000
Honda CB Shine SP,8084790,2017,Individual,1st owner,33000
Bajaj Pulsar AS200,12817350,2015,Individual,1st owner,33000
Royal Enfield Classic 350,21690900,2015,Individual,1st owner,33000
Honda CB twister,3155040,2012,Individual,1st owner,33000
Hero Ignitor,6901650,2014,Individual,1st owner,33200
TVS Scooty Streak,3549420,2009,Individual,2nd owner,33595
Honda Shine,6901650,2012,Individual,1st owner,33700
Royal Enfield Classic 350,24648750,2017,Individual,1st owner,33900
Hero CD Deluxe,2957850,2014,Individual,2nd owner,34000
Bajaj Discover 125,7493220,2018,Individual,1st owner,34000
Bajaj Pulsar 180,7887600,2013,Individual,1st owner,34000
Bajaj V15,7887600,2016,Individual,1st owner,34000
Honda CB Shine SP,9859500,2017,Individual,1st owner,34300
Yamaha Fazer [2009-2016],7887600,2013,Individual,1st owner,34500
Royal Enfield Bullet 500,25634700,2015,Individual,1st owner,34601
Honda Dream Yuga,4929750,2012,Individual,1st owner,35000
Yamaha Fazer [2009-2016],7887600,2013,Individual,3rd owner,35000
Hero Splendor Plus,6901650,2014,Individual,2nd owner,35000
Bajaj V15,8281980,2016,Individual,1st owner,35000
Hero Hunk,3943800,2010,Individual,1st owner,35000
Hero Duet,8873550,2017,Individual,1st owner,35000
Bajaj Avenger Street 150 [2018],14789250,2016,Individual,1st owner,35000
Honda CB Hornet 160R,13803300,2017,Individual,1st owner,35000
Hero Honda CD Deluxe,4929750,2010,Individual,1st owner,35000
Bajaj Super,1183140,1991,Individual,1st owner,35000
Hero HF Deluxe,5915700,2014,Individual,2nd owner,35000
Honda CB Twister,4929750,2015,Individual,1st owner,35000
Honda CB Hornet 160R,13803300,2017,Individual,1st owner,35000
Bajaj Avenger [2015],8873550,2011,Individual,1st owner,35000
Hero Honda CBZ extreme,6901650,2011,Individual,1st owner,35000
Hero Splendor NXG,3549420,2011,Individual,1st owner,35000
Bajaj Pulsar 180,16761150,2016,Individual,1st owner,35000
Honda Activa [2000-2015],1183140,2006,Individual,2nd owner,35000
Bajaj V12,8873550,2017,Individual,1st owner,35000
Royal Enfield Classic 350,25634700,2018,Individual,2nd owner,35000
Hero CBZ,7887600,2014,Individual,1st owner,35000
Mahindra Mojo XT300,22676850,2018,Individual,1st owner,35000
Bajaj  ct 100,3549420,2017,Individual,1st owner,35000
Bajaj Discover 125,2957850,2013,Individual,2nd owner,35000
Hero Splendor PRO,6901650,2015,Individual,1st owner,35280
Bajaj Pulsar 150,6901650,2011,Individual,1st owner,35600
Hero Honda Splendor Plus,3549420,2010,Individual,1st owner,35700
Honda Dio,8873550,2017,Individual,1st owner,35850
Royal Enfield Classic 350,24648750,2017,Individual,1st owner,36000
Hero Passion PRO TR,8873550,2014,Individual,1st owner,36000
Royal Enfield Bullet 350,21690900,2015,Individual,1st owner,36000
Honda CB Trigger,8873550,2015,Individual,1st owner,36000
Bajaj Pulsar 150,6901650,2011,Individual,1st owner,36000
TVS Streak,3943800,2009,Individual,2nd owner,36000
Bajaj Pulsar 180,3963519,2008,Individual,1st owner,36000
Yamaha YZF R15 S,14789250,2018,Individual,1st owner,36000
Hero CBZ,6901650,2010,Individual,1st owner,36000
Bajaj V15,8873550,2016,Individual,1st owner,36000
Royal Enfield Electra 5 S,19521810,2006,Individual,2nd owner,36000
Bajaj Pulsar 150 [2001-2011],4338180,2011,Individual,1st owner,36000
Honda Activa 3G,7887600,2015,Individual,1st owner,36000
KTM 200 Duke,14197680,2013,Individual,1st owner,36500
Honda Aviator,8084790,2013,Individual,1st owner,36500
Bajaj Platina 100,5915700,2018,Individual,1st owner,37000
Yamaha FZ16,8873550,2016,Individual,1st owner,37000
Bajaj Pulsar 150,7887600,2012,Individual,2nd owner,37000
Honda CB Shine SP,9859500,2018,Individual,1st owner,37000
Yamaha Fascino 110,7493220,2016,Individual,1st owner,37000
Hero Super Splendor,6901650,2014,Individual,2nd owner,37541
Bajaj Pulsar 135 LS,11042640,2017,Individual,3rd owner,37714
Bajaj Discover 100 M,3943800,2011,Individual,1st owner,37734
Hero Splendor PRO,5521320,2015,Individual,1st owner,38000
Bajaj Discover 125 ST,3450825,2013,Individual,1st owner,38000
Yamaha SZ RR V 2.0,6901650,2015,Individual,1st owner,38000
Hero Karizma [2003-2014],9859500,2013,Individual,1st owner,38000
Honda Activa [2000-2015],4338180,2014,Individual,1st owner,38000
TVS Apache RTR 160,9859500,2017,Individual,1st owner,38000
Hero Karizma [2003-2014],9859500,2013,Individual,1st owner,38000
Hero CD Deluxe,6901650,2016,Individual,1st owner,38000
Hero Honda Splendor,4929750,2008,Individual,1st owner,38000
Honda CB Hornet 160R,13803300,2017,Individual,1st owner,38000
Honda Activa [2000-2015],4929750,2012,Individual,1st owner,38000
Honda CBR150 R,15183630,2014,Individual,1st owner,38000
Honda CB Unicorn 150,8281980,2013,Individual,1st owner,38000
Hero CD Dawn,6901650,2014,Individual,1st owner,38000
Honda CB Unicorn Dazzler,4338180,2011,Individual,1st owner,38350
Bajaj CT 100,5915700,2016,Individual,1st owner,38500
Honda CB Unicorn,7493220,2017,Individual,1st owner,38600
Royal Enfield Bullet 350 [2007-2011],35494200,2008,Individual,2nd owner,39000
Yamaha FZ25,23662800,2018,Individual,1st owner,39000
Honda Activa 3G,5915700,2015,Individual,1st owner,39000
Hero Maestro Edge,10845450,2018,Individual,1st owner,39000
Honda Dream Yuga,6310080,2017,Individual,1st owner,39000
Honda Dream Yuga,6901650,2015,Individual,1st owner,39448
Bajaj Discover 150,5915700,2011,Individual,2nd owner,39500
Honda CB Trigger,5915700,2015,Individual,1st owner,40000
Royal Enfield Electra 5 S,17747100,2010,Individual,2nd owner,40000
Hero Honda CBZ extreme,4929750,2010,Individual,1st owner,40000
Bajaj Avenger Street 150 [2018],9859500,2016,Individual,1st owner,40000
Bajaj CT 100,6310080,2017,Individual,1st owner,40000
Yamaha FZ16,4929750,2008,Individual,1st owner,40000
Bajaj Pulsar 150,6901650,2010,Individual,1st owner,40000
Yamaha FZ S V 2.0,9859500,2016,Individual,1st owner,40000
TVS Apache RTR 160,9859500,2016,Individual,1st owner,40000
Hero Maestro,4929750,2015,Individual,2nd owner,40000
Yamaha Fazer Dlx,11437020,2012,Individual,1st owner,40000
Hero Honda Hunk,5521320,2009,Individual,1st owner,40000
UM Renegade Commando,27606600,2017,Individual,2nd owner,40000
Hero Maestro,5225535,2016,Individual,2nd owner,40000
Bajaj Pulsar 180,6310080,2012,Individual,1st owner,40000
Royal Enfield Thunderbird 350,11831400,2006,Individual,1st owner,40000
Suzuki Access 125 [2007-2016],3155040,2011,Individual,1st owner,40000
Hero Honda Splendor Plus,7887600,2007,Individual,1st owner,40000
Hero Honda CD Deluxe,4870593,2012,Individual,2nd owner,40000
Bajaj Pulsar 220F,11831400,2017,Individual,2nd owner,40000
Honda Activa [2000-2015],4929750,2012,Individual,1st owner,40000
Bajaj Pulsar 150,10845450,2015,Individual,2nd owner,40000
Honda CB Unicorn 160,14789250,2016,Individual,1st owner,40000
Honda Dio,4535370,2010,Individual,1st owner,40000
Hero Passion Pro 110,3943800,2008,Individual,3rd owner,40000
Honda Shine,5915700,2014,Individual,1st owner,40000
Hero Splendor Plus,4929750,2006,Individual,2nd owner,40000
Honda CB Unicorn Dazzler,4929750,2011,Individual,1st owner,40000
TVS Apache [2006],2957850,2006,Individual,1st owner,40000
Suzuki Gixxer [2014-2018],8873550,2015,Individual,1st owner,40000
Hero Karizma 2014,4929750,2015,Individual,1st owner,40000
Bajaj Pulsar 220F,8873550,2011,Individual,1st owner,40000
Royal Enfield Thunderbird 350,11634210,2005,Individual,2nd owner,40000
Bajaj Discover 125 M,8873550,2014,Individual,1st owner,40000
TVS Star City,2957850,2006,Individual,1st owner,40000
Hero Honda Hunk,8873550,2013,Individual,1st owner,40000
Royal Enfield Electra 5 S,17747100,2012,Individual,1st owner,40000
Royal Enfield Classic 500,17747100,2011,Individual,1st owner,40000
Hero Hunk,8873550,2014,Individual,1st owner,41000
Honda Activa [2000-2015],4929750,2014,Individual,1st owner,41000
Hero Passion PRO i3s,9859500,2017,Individual,1st owner,41000
Bajaj Pulsar 150,3943800,2006,Individual,1st owner,41000
Hero Honda Hunk,7887600,2010,Individual,1st owner,41000
Yamaha FZ V 2.0,11831400,2014,Individual,1st owner,41311
Bajaj Discover 125,9859500,2016,Individual,1st owner,42000
Hero Honda Passion PRO [2012],5915700,2011,Individual,1st owner,42000
Bajaj Pulsar 150,4929750,2010,Individual,1st owner,42000
Bajaj Pulsar 150 [2001-2011],10845450,2010,Individual,1st owner,42000
Yamaha FZ S V 2.0,12817350,2017,Individual,1st owner,42000
TVS Apache RTR 160,8281980,2016,Individual,1st owner,42000
Bajaj Discover 100,4929750,2010,Individual,1st owner,43000
Suzuki Access 125 [2007-2016],4338180,2010,Individual,2nd owner,43000
Honda CBF Stunner,7296030,2014,Individual,1st owner,43000
Hero Splendor PRO,4732560,2011,Individual,1st owner,43000
Bajaj Pulsar 180,4929750,2011,Individual,1st owner,43000
Bajaj Pulsar 150,7887600,2013,Individual,1st owner,43400
Bajaj Pulsar 220 Fi,4929750,2012,Individual,1st owner,44000
Yamaha FZ16,5915700,2011,Individual,1st owner,44000
Hero Honda Karizma ZMR [2010],8873550,2012,Individual,3rd owner,44000
TVS Scooty Pep DLX,2859255,2012,Individual,1st owner,44000
Yamaha YZF R15 S,7887600,2010,Individual,2nd owner,45000
Bajaj Pulsar 220S,10845450,2015,Individual,1st owner,45000
TVS Apache RTR 200 4V,19719000,2017,Individual,1st owner,45000
Bajaj Discover 125,5521320,2013,Individual,1st owner,45000
Bajaj Pulsar 180,6901650,2012,Individual,1st owner,45000
Bajaj Discover 100 T,3549420,2013,Individual,1st owner,45000
Bajaj V15,7887600,2016,Individual,1st owner,45000
Honda Activa [2000-2015],5817105,2013,Individual,1st owner,45000
Royal Enfield Classic Chrome,26620650,2015,Individual,1st owner,45000
Bajaj Pulsar 135 LS,4732560,2010,Individual,1st owner,45000
Bajaj Discover 100,5915700,2011,Individual,1st owner,45000
Hero Splendor Plus,4929750,2015,Individual,1st owner,45000
Bajaj Discover 125 M,5915700,2014,Individual,1st owner,45000
Honda Shine,7296030,2016,Individual,1st owner,45000
Bajaj CT 100,4929750,2017,Individual,1st owner,45000
Honda CB Shine SP,9859500,2016,Individual,1st owner,45000
Bajaj Pulsar 220 F,10253880,2012,Individual,1st owner,45000
Bajaj Pulsar NS 200,9859500,2015,Individual,1st owner,45000
Bajaj Avenger Street 150 [2018],11831400,2016,Individual,1st owner,45137
Yamaha RXG,4929750,1997,Individual,1st owner,45354
Yamaha FZ V 2.0,11831400,2016,Individual,1st owner,45420
Honda CB Unicorn 150,9859500,2007,Individual,1st owner,46000
TVS Apache RTR 160,12817350,2017,Individual,1st owner,46000
Honda CB Shine SP,9859500,2016,Individual,1st owner,46000
Bajaj Pulsar NS200,9859500,2012,Individual,1st owner,46000
Yamaha SZ X,6901650,2010,Individual,1st owner,46000
Royal Enfield Electra 4 S,15775200,2013,Individual,1st owner,46000
Yamaha Gladiator,2957850,2009,Individual,1st owner,46000
Honda Dream Yuga,5915700,2015,Individual,2nd owner,46070
Royal Enfield Classic 350,19719000,2015,Individual,1st owner,46500
TVS Victor,3549420,2004,Individual,1st owner,46700
Honda Shine,5915700,2010,Individual,1st owner,46782
Bajaj Discover 125,2957850,2011,Individual,1st owner,47000
Bajaj Pulsar 150 [2001-2011],2957850,2005,Individual,1st owner,47670
Hero Honda Karizma ZMR [2010],9859500,2010,Individual,1st owner,48000
Hero Honda Hunk,11042640,2015,Individual,1st owner,48000
Hero Honda Hunk,11437020,2015,Individual,1st owner,48000
Bajaj Pulsar AS200,8873550,2015,Individual,1st owner,48000
Hero Honda Splendor Plus,2366280,2005,Individual,1st owner,48000
Honda Activa [2000-2015],9859500,2014,Individual,1st owner,48000
Hero Honda CBZ,1971900,2000,Individual,4th owner,48000
Hero CD Dawn,1971900,2005,Individual,1st owner,48000
Bajaj Pulsar 135 LS,9859500,2015,Individual,1st owner,48000
Royal Enfield Classic 350,16761150,2013,Individual,1st owner,49000
Honda Activa 125,8873550,2017,Individual,1st owner,49000
TVS Victor GLX,5324130,2002,Individual,1st owner,49000
Hero Hunk,3943800,2009,Individual,2nd owner,49000
Hero Duet,6901650,2016,Individual,2nd owner,49637
Hero Honda Passion PRO [2012],5659353,2012,Individual,2nd owner,49876
Hero Honda Splendor NXG,5521320,2012,Individual,1st owner,49999
Hero Xtreme Sports,8479170,2016,Individual,2nd owner,50000
Royal Enfield Electra 4 S,17747100,2008,Individual,1st owner,50000
Hero Honda CD Deluxe,4929750,2009,Individual,1st owner,50000
KTM 390 Duke ABS [2013-2016],25634700,2015,Individual,1st owner,50000
Hero HF Deluxe,5915700,2016,Individual,1st owner,50000
Bajaj Pulsar 135 LS,3943800,2010,Individual,2nd owner,50000
Vespa VX 125,8873550,2013,Individual,2nd owner,50000
Bajaj Pulsar AS200,11831400,2015,Individual,1st owner,50000
Honda Activa [2000-2015],3943800,2010,Individual,1st owner,50000
Bajaj Discover 150S,7887600,2014,Individual,1st owner,50000
Hero Splendor Plus,3352230,2010,Individual,2nd owner,50000
Bajaj Xcd,1971900,2008,Individual,1st owner,50000
TVS Centra,1971900,2005,Individual,1st owner,50000
Yamaha FZ16,3943800,2009,Individual,1st owner,50000
Hero Splendor Plus,4929750,2012,Individual,1st owner,50000
TVS Victor,3943800,2001,Individual,1st owner,50000
Bajaj Pulsar 180,2938131,2007,Individual,1st owner,50000
TVS Spectra,3352230,2008,Individual,1st owner,50000
Hero Honda CD100,2957850,2000,Individual,1st owner,50000
Bajaj Discover 150,5915700,2012,Individual,1st owner,50000
Hero Honda Pleasure,4929750,2009,Individual,1st owner,50000
TVS Apache RTR 160,7887600,2014,Individual,2nd owner,50000
Bajaj Pulsar 150,4929750,2015,Individual,2nd owner,50000
Hero Honda Passion Plus,3549420,2007,Individual,2nd owner,50000
Honda Activa [2000-2015],2957850,2006,Individual,1st owner,50000
Bajaj Pulsar 150,6901650,2011,Individual,1st owner,50000
Honda CB Twister,5915700,2012,Individual,1st owner,50000
Hero Hunk,6901650,2013,Individual,1st owner,50000
Yamaha FZ S V 2.0,16761150,2018,Individual,1st owner,50000
Honda CB Unicorn 150,8873550,2016,Individual,2nd owner,50000
Hero Glamour 125,4929750,2013,Individual,1st owner,50000
Bajaj Discover 100,4140990,2009,Individual,1st owner,50000
TVS Star City,4929750,2016,Individual,1st owner,50000
Bajaj Discover 100,4535370,2012,Individual,1st owner,50000
Hero Honda CBZ extreme,7887600,2009,Individual,1st owner,50000
Hero Splender Plus,5915700,2018,Individual,1st owner,50000
Hero  CBZ Xtreme,3943800,2010,Individual,1st owner,50000
Hero Karizma 2014,5915700,2014,Individual,2nd owner,51000
Hero Honda CBZ extreme,8281980,2010,Individual,1st owner,51000
Bajaj Discover 125,1971900,2006,Individual,1st owner,51000
Honda Activa 3G,6901650,2016,Individual,1st owner,51000
Honda Activa [2000-2015],5915700,2014,Individual,1st owner,52000
Bajaj Pulsar 150,9859500,2007,Individual,1st owner,52000
Hero Honda Splendor Plus,3470544,2006,Individual,1st owner,52000
Bajaj Discover 150,4929750,2011,Individual,1st owner,52000
Honda CB Unicorn 160,9859500,2017,Individual,1st owner,52000
Bajaj Discover 100,5521320,2015,Individual,2nd owner,52000
Bajaj Pulsar 150 [2001-2011],5225535,2010,Individual,1st owner,52500
Honda CB Shine,2366280,2009,Individual,1st owner,53000
Hero Honda Passion Plus,1577520,2003,Individual,1st owner,53500
Bajaj Xcd,4929750,2008,Individual,1st owner,54000
Honda CB Unicorn 150,14789250,2013,Individual,1st owner,54000
Hero Honda Super Splendor [2005],3943800,2008,Individual,1st owner,54000
Bajaj Pulsar 150,5915700,2010,Individual,1st owner,54000
Suzuki Access 125 [2007-2016],4929750,2012,Individual,1st owner,55000
Hero Achiever 150,5895981,2016,Individual,1st owner,55000
Bajaj Discover 125,4929750,2013,Individual,1st owner,55000
Bajaj Pulsar 180,2957850,2008,Individual,1st owner,55000
Bajaj Pulsar 150,2957850,2006,Individual,1st owner,55000
Hero Maestro Edge,4929750,2017,Individual,1st owner,55000
Hero Splendor Plus,6901650,2013,Individual,1st owner,55000
Bajaj Pulsar 150 [2001-2011],5915700,2010,Individual,2nd owner,55000
Bajaj Pulsar 220F,9859500,2011,Individual,2nd owner,55000
Bajaj Discover 135,4929750,2010,Individual,1st owner,55000
TVS Victor,1971900,2005,Individual,1st owner,55000
Hero Super Splendor,3943800,2007,Individual,1st owner,55000
TVS Apache RTR 160,6901650,2013,Individual,1st owner,55750
Yamaha Fascino 110,8873550,2016,Individual,1st owner,56000
Hero Xtreme [2013-2014],8873550,2014,Individual,1st owner,56420
Bajaj Discover 125,4929750,2011,Individual,1st owner,57000
Bajaj Pulsar 180,7493220,2012,Individual,2nd owner,57000
Hero Xtreme [2013-2014],8873550,2013,Individual,1st owner,57000
Yamaha Fazer [2009-2016],8873550,2014,Individual,1st owner,57700
Bajaj Pulsar 150,1577520,2005,Individual,1st owner,58000
Yamaha FZ S V 2.0,10845450,2017,Individual,1st owner,58000
Bajaj Pulsar NS200,9859500,2013,Dealer,1st owner,58203
Bajaj Pulsar 150,3155040,2011,Individual,2nd owner,59000
Honda CB Twister,3549420,2010,Individual,1st owner,60000
Hero Passion Pro 110,2957850,2008,Individual,1st owner,60000
Hero HF Deluxe,8479170,2018,Individual,1st owner,60000
Bajaj Pulsar 180,5915700,2008,Individual,2nd owner,60000
Yamaha FZ S [2012-2016],8281980,2013,Individual,1st owner,60000
Bajaj Pulsar 150,11831400,2014,Individual,1st owner,60000
Honda Activa [2000-2015],1971900,2009,Individual,1st owner,60000
Bajaj Discover 135,2366280,2007,Individual,1st owner,60000
Bajaj Pulsar 150,4338180,2011,Individual,1st owner,60000
Hero Honda Passion PRO [2012],5521320,2011,Individual,2nd owner,60000
TVS Excel,985950,1998,Individual,1st owner,60000
Hero Honda Passion Plus,4633965,2010,Individual,1st owner,60000
Bajaj Pulsar 150 [2001-2011],6901650,2010,Individual,1st owner,60000
Bajaj Pulsar 135 LS,3943800,2011,Individual,1st owner,60000
Hero Maestro,5915700,2013,Individual,1st owner,60000
Honda Activa 3G,7887600,2016,Individual,1st owner,60000
Hero Honda CBZ extreme,6901650,2012,Individual,1st owner,60000
Hero Honda Passion Pro,5915700,2014,Individual,1st owner,60000
Bajaj Pulsar 150,3943800,2010,Individual,1st owner,60000
Bajaj Discover 150F,7887600,2014,Individual,2nd owner,60855
Hero Honda Splendor,1971900,2000,Individual,1st owner,61000
Bajaj Discover 135,7296030,2008,Individual,1st owner,62000
Hero Karizma ZMR,8479170,2012,Individual,2nd owner,63000
Hero Honda Splendor Plus,2957850,2005,Individual,1st owner,65000
Royal Enfield Bullet 350 [2007-2011],12817350,2011,Individual,2nd owner,65000
Bajaj Pulsar 150,5126940,2012,Individual,2nd owner,65000
Hero Honda CD100,2957850,1998,Individual,1st owner,65000
TVS Wego,2957850,2011,Individual,1st owner,65000
Hero Honda CD Deluxe,4929750,2008,Individual,3rd owner,65000
Bajaj Pulsar 150,7887600,2014,Individual,2nd owner,65000
Honda Aviator,2760660,2008,Individual,1st owner,66000
Bajaj Discover 125,4535370,2011,Individual,1st owner,66000
Hero Honda Passion,1774710,2002,Individual,2nd owner,66191
Yamaha FZ16,5324130,2011,Individual,1st owner,67000
TVS Star City Plus,5126940,2014,Individual,2nd owner,68000
Yamaha FZ S [2012-2016],11831400,2014,Individual,1st owner,68000
Hero Super Splendor,7887600,2013,Individual,1st owner,68000
Honda CB Unicorn 150,5915700,2010,Individual,1st owner,69000
Hero CD Deluxe,4929750,2014,Individual,1st owner,70000
Yamaha FZ16,5915700,2010,Individual,1st owner,70000
Yamaha FZ S V 2.0,9859500,2014,Individual,1st owner,70000
Hero Honda CD Deluxe,2957850,2011,Individual,1st owner,70000
Bajaj Pulsar 150,4929750,2013,Individual,2nd owner,70000
Honda Livo,6901650,2016,Individual,1st owner,70000
Bajaj Discover 110,2957850,2007,Individual,1st owner,70000
Bajaj Discover 125,4929750,2011,Individual,1st owner,70000
TVS Apache RTR 200 4V,17747100,2018,Individual,1st owner,70000
Hero Honda Passion Plus,4929750,2007,Individual,1st owner,70000
Hero Honda Splendor Plus,2957850,2007,Individual,1st owner,70000
Bajaj Pulsar 150 [2001-2011],6901650,2008,Individual,1st owner,70000
Hero Honda Splendor Plus,4929750,2012,Individual,1st owner,70000
Bajaj Pulsar 180,9859500,2010,Individual,1st owner,70000
Hero Honda CBZ extreme,5915700,2011,Individual,3rd owner,70000
Bajaj Discover 125,4929750,2016,Individual,1st owner,70350
Hero Honda Splendor Plus,5521320,2008,Individual,1st owner,70889
Bajaj Discover 150,4929750,2014,Individual,2nd owner,71000
Hero Glamour 125,7887600,2015,Individual,1st owner,71250
TVS Sport,2366280,2007,Individual,1st owner,72000
Honda CB Hornet 160R,14789250,2016,Individual,1st owner,72000
Honda CB Shine SP,9267930,2017,Individual,1st owner,73000
Yamaha FZ S [2012-2016],7493220,2013,Individual,1st owner,75000
Hero Honda Passion Plus,4929750,2006,Individual,1st owner,75000
Bajaj Xcd,4929750,2007,Individual,1st owner,75000
Honda CB Unicorn,8873550,2010,Individual,1st owner,75000
Honda CB Trigger,7887600,2015,Individual,1st owner,75000
Honda CB Trigger,7887600,2014,Individual,1st owner,75000
Bajaj Discover 125,5126940,2012,Individual,1st owner,75000
Hero Glamour 125,2957850,2011,Individual,1st owner,75000
Honda CB Unicorn Dazzler,9859500,2010,Individual,1st owner,75000
Hero Honda Splendor Plus,3943800,2006,Individual,1st owner,75000
Hero Honda Splendor,1971900,2006,Individual,1st owner,75000
Hero Honda Glamour,8873550,2012,Individual,1st owner,75000
Hero Honda CBZ extreme,7493220,2013,Individual,1st owner,75000
Bajaj Discover 125 ST,4929750,2012,Individual,1st owner,76000
Bajaj Pulsar 135 LS,4535370,2010,Individual,1st owner,77000
Honda CB Unicorn 150,7887600,2014,Individual,1st owner,77592
Hero Xtreme Sports,9859500,2014,Individual,1st owner,80000
Bajaj Pulsar 180,4929750,2007,Individual,1st owner,80000
Hero Honda Glamour,2957850,2006,Individual,1st owner,80000
Bajaj Pulsar 135 LS,3943800,2010,Individual,1st owner,80000
Bajaj Pulsar 135 LS,3943800,2010,Individual,1st owner,80000
Honda Shine,3943800,2007,Individual,1st owner,80000
Hero Honda CBZ extreme,4929750,2007,Individual,1st owner,80000
Hero Super Splendor,7887600,2017,Individual,2nd owner,80000
Hero Passion XPro,5521320,2012,Individual,1st owner,81000
Bajaj CT 100,1577520,2005,Individual,2nd owner,82000
Yamaha FZ S [2012-2016],7887600,2011,Individual,1st owner,82000
Bajaj Discover 100,3943800,2012,Individual,1st owner,85000
Hero Honda Passion Plus,4338180,2008,Individual,2nd owner,85000
Hero Honda Achiever,2957850,2009,Individual,1st owner,86000
Honda CB Twister,4929750,2012,Individual,1st owner,86000
Hero Super Splendor,5915700,2011,Individual,1st owner,89000
Hero Honda CBZ extreme,3943800,2007,Individual,1st owner,90000
Hero Honda Passion PRO [2012],2366280,2012,Individual,1st owner,90000
Bajaj Pulsar 150,1971900,2008,Individual,1st owner,92233
Yamaha FZ16,7887600,2016,Individual,1st owner,93000
Honda Shine,5915700,2013,Individual,1st owner,93000
Honda Activa [2000-2015],4535370,2009,Individual,1st owner,95000
Honda Activa [2000-2015],4535370,2009,Individual,1st owner,95000
Hero Honda Splendor Plus,1971900,2007,Individual,1st owner,98000
Hero Xtreme Sports,4338180,2014,Individual,1st owner,99000
Honda CB Unicorn 160,14789250,2015,Individual,1st owner,100000
Hero Splendor Plus,2366280,2007,Individual,1st owner,100000
Hero Honda CD Deluxe,2366280,2007,Individual,2nd owner,100000
Bajaj Xcd,4929750,2007,Individual,2nd owner,100000
Hero Honda Splendor Plus,2957850,2006,Individual,1st owner,100000
Honda Activa [2000-2015],3273354,2010,Individual,1st owner,100000
Yamaha Fazer [2009-2016],9859500,2012,Individual,1st owner,100000
Bajaj Xcd,2957850,2008,Individual,1st owner,100000
TVS Streak,1971900,2009,Individual,1st owner,100000
Honda CB Hornet 160R,15775200,2016,Individual,1st owner,100000
Bajaj Pulsar 150 [2001-2011],2366280,2007,Individual,2nd owner,100000
Bajaj Pulsar 150,4140990,2007,Individual,1st owner,100000
Hero Honda Passion Plus,4929750,2008,Dealer,2nd owner,100000
Hero Maestro,9859500,2016,Individual,1st owner,100000
TVS Star City,4140990,2011,Individual,1st owner,101000
Hero Honda Passion Plus,1478925,2004,Individual,1st owner,120000
Yamaha Fazer [2009-2016],4929750,2013,Individual,1st owner,120000
Hero Honda Splendor Plus,3943800,2004,Individual,2nd owner,127000
Suzuki GS150R,5915700,2010,Individual,1st owner,130000
Honda Karizma,6112890,2012,Individual,1st owner,213000
Honda CB Hornet 160R,13803300,2017,Individual,1st owner,240000
Hero Honda Karizma,7887600,2011,Individual,2nd owner,340000
Royal Enfield Electra Twinspark,23662800,2016,Individual,1st owner,345000
Hero Glamour 125,6901650,2014,Individual,1st owner,450000
Activa 3g,3352230,2010,Individual,1st owner,500000
Honda Activa [2000-2015],4929750,2009,Individual,1st owner,585659
Hero Honda CD100SS,1971900,1997,Individual,1st owner,646000
TVS Apache RTR 160,2957850,2009,Individual,4th owner,880000
